rental_id,date,return_date
30e3af99-df18-4b5c-8203-8c6d5c38921f,2022-04-01,2022-04-05
378e657b-4d22-438d-b26f-2602a0000db1,2022-04-01,2022-04-09
da3419e6-b58b-45c1-8067-073b1f1d1529,2022-04-01,2022-04-10
b2e7a4c8-dc9e-4ee7-b135-baddf2d34c5a,2022-04-01,2022-04-11
4abaa554-d936-4595-9e22-0ad78cd6a03d,2022-04-01,2022-04-13
74e0dbaf-36c0-4e4d-8c46-845821945c81,2022-04-01,2022-04-14
d7f4e7e3-8073-424d-8031-ce8985f7a4fe,2022-04-01,2022-04-18
504587fb-ffa0-4e53-9a63-3c51134fb15d,2022-04-01,2022-04-19
004ca3c8-9b60-49d2-9761-d81284834af1,2022-04-01,2022-04-20
e3e50fee-00ed-4a9e-9a7e-56670db90625,2022-04-01,2022-05-01
b97b4a81-969c-4830-a42a-3c91b2d0890a,2022-04-01,2022-05-09
9a75faa1-6ee8-4d27-bcf0-34eaaf24bbbf,2022-04-01,2022-05-20
4a9bb8c1-2891-4743-86ee-0fe200a52cfa,2022-04-02,2022-04-05
104e4c43-f44a-4fd7-9a37-89d36a4301b7,2022-04-02,2022-04-11
5c35d10d-8112-4d32-b574-d5b0c8f32d01,2022-04-02,2022-04-16
e02fb141-321f-4d73-8816-153583838325,2022-04-02,2022-04-18
11ded186-6bc8-4242-abe7-fbd904266212,2022-04-02,2022-04-19
06ebe544-b07c-4775-8e32-86a364ac2f6a,2022-04-02,2022-04-21
37d3750d-19fa-43cf-ba44-af21c6b996b7,2022-04-02,2022-04-23
cd2e34d3-043c-43b5-a73a-b6cb1fab8e26,2022-04-02,2022-04-26
295fb36b-3d88-49c8-813d-9f181a5c391e,2022-04-02,2022-04-29
36972fcf-0236-4077-be5d-3f694d4caa2f,2022-04-02,2022-04-29
aa644c12-43e2-48e7-a393-7f4f5cdbc047,2022-04-02,2022-04-30
49671cbe-29e4-4c27-8c39-b8dfbf059a79,2022-04-02,2022-05-17
794b7de7-7da8-4c84-a257-3130d8f72ed9,2022-04-02,2022-05-31
4be5395e-ed7f-4123-a6cd-47b7be091982,2022-04-03,2022-04-06
407d6f0e-a399-4f35-a4d7-28c97ff9859e,2022-04-03,2022-04-08
5b78d7e6-582d-4607-929c-5eccf39e6fde,2022-04-03,2022-04-15
2f0d05f0-5516-4b50-9080-03dc51e4e733,2022-04-03,2022-04-16
4a9dab45-60d5-4c7f-8291-4ed36b68c7d8,2022-04-03,2022-04-18
2f42e780-ea79-4561-8236-2802370993ff,2022-04-03,2022-04-21
4f2e7818-90d4-4b0a-98a5-565268f3aa86,2022-04-03,2022-04-26
08b95184-8f87-4759-8076-3260bbe0435e,2022-04-03,2022-04-27
0ccb810b-7bb6-4c1a-baef-d9061bbb7bae,2022-04-03,2022-04-27
74ad19e9-efb7-41e5-a5b5-c8176fad5ed8,2022-04-03,2022-04-28
4a776775-7075-43b5-b702-62f051c76893,2022-04-03,2022-05-09
afb1928b-50a2-4ce6-8b01-a4e32e281aeb,2022-04-03,2022-05-19
1cca5098-c097-4038-836d-bd48f910e096,2022-04-04,2022-04-06
a2a48459-fb71-4f11-82bb-424039d27017,2022-04-04,2022-04-08
cd9c428a-4826-423c-8c4e-173a48f174ae,2022-04-04,2022-04-10
541e2c64-a616-4f52-96a5-6fbcd864ed1b,2022-04-04,2022-04-12
6f7c8604-5672-4e5a-b3cb-d39e215c1e7e,2022-04-04,2022-04-14
b7ac5df9-5ddb-4181-99ef-3f904a18ae86,2022-04-04,2022-04-15
a416cc87-5548-4372-8050-c40401673dfb,2022-04-04,2022-04-16
cd1a6e5c-7cb0-4030-852c-8769d54d3f5f,2022-04-04,2022-04-25
fc94097d-aa74-4df7-97bd-e45fbcd2b61a,2022-04-04,2022-04-30
bcbc08b7-e969-4048-a5ae-8573afe22212,2022-04-04,2022-05-01
81d5041b-1760-4bbe-a43c-5412ff89437d,2022-04-05,2022-04-13
5bdfa148-a3e0-4491-8f3d-fe0c13d68881,2022-04-05,2022-04-25
bb0a0e25-da98-4362-8ef4-0fc86245d46c,2022-04-05,2022-04-27
b6fc2bf2-00a3-4b87-a461-9794fab25110,2022-04-05,2022-05-14
4703ae89-5faf-4918-9af8-e9bc5fae6646,2022-04-05,2022-06-12
9c0ac718-e2b3-4870-8013-71d409c160bf,2022-04-06,2022-04-14
5a5cc5e9-3d89-4cc7-9c2b-776ad7ee5d92,2022-04-06,2022-04-14
c1426d97-997d-4d30-b709-877a8f02326a,2022-04-06,2022-04-17
abc799c8-9a8c-450d-81e1-d461562fd9e9,2022-04-06,2022-04-18
e5faebcd-81f1-42f2-a4a7-b03de95e4db0,2022-04-06,2022-04-23
cfbfe840-2305-44bb-8f1b-1e10c2bbf2a7,2022-04-06,2022-04-23
96875559-b2b9-4b95-b12c-7bf4dc2b1bee,2022-04-06,2022-05-01
d3ca3f38-6ef7-434f-bb2b-704a4f09a4e0,2022-04-06,2022-05-31
cf50e26e-fc85-4d6b-8860-ed1dabdecce9,2022-04-07,2022-04-12
8e7b29e8-cc26-4b20-ba99-b93f5649fdd4,2022-04-07,2022-04-12
28f92454-b4af-4054-93a1-5b169b4faeaf,2022-04-07,2022-04-14
6bb98c39-c1ed-467d-b3f5-9dde53f3ca1c,2022-04-07,2022-04-18
71d0cddf-5b82-4072-8ae5-c80d6828e413,2022-04-07,2022-04-19
9be364ee-5040-4b40-adb2-182d55f9acb0,2022-04-07,2022-04-25
6d4d91fa-5088-42cf-a5b9-3691581324ae,2022-04-07,2022-05-01
19478807-4b40-4209-b705-c7dcf3744871,2022-04-07,2022-05-02
d42f0d17-72fa-4bb1-8aef-d51486b75bac,2022-04-07,2022-05-09
6eefd47b-0b2b-4197-b3f9-958f29a46153,2022-04-07,2022-05-22
fec00f53-23de-45be-9518-2b7bea8d6785,2022-04-08,2022-04-13
6d65455b-8d72-48e9-8559-c6707b22c3bb,2022-04-08,2022-04-13
c37c2f20-ee4b-460f-86a5-e7b1e75dc39b,2022-04-08,2022-04-16
cc3c7d34-e38c-45ed-9e98-cae019fcea08,2022-04-08,2022-04-18
2fcddc8f-d39d-45d5-9de4-59fadd1efef0,2022-04-08,2022-04-18
693fc4d7-0bf5-46b6-93a9-a90d285921ef,2022-04-08,2022-04-25
4e507ff8-80e1-4baf-a79b-eba2b9a98185,2022-04-08,2022-04-25
ad4f4fda-0267-4030-9502-ba66f2d7e012,2022-04-08,2022-04-26
b15f9990-7a3d-482f-8a88-5c7aa3f35e7a,2022-04-08,2022-04-27
5fea70c4-91d1-4a19-866c-70be8d362197,2022-04-08,2022-04-27
36ed03b1-1b4a-4d4c-ac47-c034de068fd5,2022-04-08,2022-04-28
544d6e13-3285-43f9-a092-d02d1086282c,2022-04-08,2022-05-06
d10cd2b0-d0f3-443f-bd78-21680ee40b58,2022-04-08,2022-05-12
9d5aa511-759d-472a-ab83-0b99b52a9dbd,2022-04-08,2022-05-13
c9fdbd73-59cd-430d-ad59-f34b30dc3fd4,2022-04-08,2022-05-29
6f55fb0f-35ff-4ce0-9e3b-136b63e6d474,2022-04-08,2022-05-29
d868c9cb-f564-4c0d-933b-bc2a3ef5d19b,2022-04-08,2022-06-01
b119080c-9ca7-4604-a881-f70e7203b0bd,2022-04-08,2022-06-13
4e88db1d-0013-4049-9e8d-d654c553e234,2022-04-08,2022-07-06
54c1fc2d-05de-45d4-9484-7ef66161bfe2,2022-04-09,2022-04-11
0472403a-dbe2-4366-a226-a512990fb2fd,2022-04-09,2022-04-14
0c7019bc-3d20-4778-9036-6fc992d8ff43,2022-04-09,2022-04-15
78a84c7b-ee06-46ef-93ee-687f5dd3227d,2022-04-09,2022-04-19
be6fef9c-dc7b-4c5c-8524-327489746bcf,2022-04-09,2022-04-20
0243aef5-844f-45a4-b060-95e542499806,2022-04-09,2022-04-20
275624bc-0e6e-4b15-86b5-97e76ef1b0b8,2022-04-09,2022-04-26
08a605d5-e637-4ba4-ba71-560e0d4ff4e2,2022-04-09,2022-04-28
8533c5c6-e7e3-4c88-ae49-3ebbeb943145,2022-04-09,2022-04-28
9e85b69f-fa87-4d84-8e96-f8e34f64b38f,2022-04-09,2022-04-29
2dfeeacf-99b3-41a7-b315-159ebc0894b5,2022-04-09,2022-05-01
24797b1c-0796-478a-9c78-5607cdfdedc1,2022-04-09,2022-05-17
92a337a1-4d6d-447f-b407-667ced492012,2022-04-09,2022-05-18
a62379d3-1ffa-4d7a-91f8-391078d7bd62,2022-04-09,2022-05-21
f3c20390-d4f0-4cfa-8274-10a3c282fd8f,2022-04-10,2022-04-18
161de733-aaa6-4621-bfef-8343d19ab0b8,2022-04-10,2022-04-20
933da868-ccce-43a2-898d-dc10fc07652e,2022-04-10,2022-04-26
5cc356a9-04eb-4d16-92f4-06fae744b52b,2022-04-10,2022-04-26
1a319ea8-0570-42e2-a7e9-788f67359b30,2022-04-10,2022-04-29
9b64618b-f83e-4cfa-8f94-5cd51ca6fcdc,2022-04-10,2022-05-10
a84a033e-2d9a-4555-b630-c9393c663454,2022-04-11,2022-04-17
31b88576-6a4a-463f-baa7-c390c4643d1b,2022-04-11,2022-04-19
d46ebb5b-14e5-40ff-a9ea-9e73ccb17efe,2022-04-11,2022-05-09
1745c5d3-3600-4d62-b2d4-0b05ea3c52f9,2022-04-12,2022-04-22
dc2640d7-d8a7-444a-9f99-8f8eb7ef97b5,2022-04-12,2022-04-23
f1f0efe4-2cd1-4b59-a92d-f87926e5c9b4,2022-04-12,2022-06-15
7e2ce591-5022-45cf-ac92-61b7d840e30f,2022-04-13,2022-04-18
99e81df9-ec26-49e9-ae9e-164b6532bfc8,2022-04-13,2022-04-21
572815d2-1148-46f1-ae20-d8c405b312be,2022-04-13,2022-04-22
e7c31fb3-7cd2-476e-b419-2eb4b5d810fc,2022-04-13,2022-05-09
1efedaf6-75b3-4363-8016-d13fbc5f657c,2022-04-14,2022-04-25
82a83f55-eafa-439c-ac44-307ad35d3a8e,2022-04-14,2022-04-28
08eb1052-5e0f-4a4b-9224-47c3c21de928,2022-04-14,2022-04-28
b10932a1-1c98-45f1-875c-08bbfbcd9a18,2022-04-14,2022-05-14
16ac8ff2-2d56-4f2b-82ff-3b2d568c37fa,2022-04-14,2022-05-17
398749be-8adb-4a88-9e97-d3b475d72691,2022-04-14,2022-06-02
5c27c114-5271-494a-aff3-605e7db3d589,2022-04-15,2022-04-23
de555dde-df20-40df-96b3-e5d8fca5e806,2022-04-15,2022-05-10
92f95517-9c3f-41d1-82e5-9dca5bbc7496,2022-04-15,2022-05-27
5fe974bc-6629-4832-8d92-2e0102a448a2,2022-04-16,2022-04-25
7ef61f6a-7c6c-4ac4-8aa3-eab28573795c,2022-04-16,2022-04-28
6d78d84d-0558-4aa8-9ad8-6b814f86100e,2022-04-16,2022-05-02
5a2b50dc-2c88-4531-8d00-13c78970917d,2022-04-16,2022-06-19
84710055-fc2f-4f9c-89e1-53a2df758278,2022-04-17,2022-04-25
282856a0-fd76-4cb5-9519-ef291650a503,2022-04-17,2022-05-01
916dc259-7212-4532-8812-42a2aceacee5,2022-04-18,2022-04-23
e48ba655-4f00-4dc6-8b26-c4f5f6fbde09,2022-04-18,2022-04-25
745e75be-1dae-4345-846a-a18244e0fce5,2022-04-18,2022-04-27
173d7806-8eba-48aa-88af-d30fbd8e4549,2022-04-18,2022-04-28
dc525b59-0bf5-46a0-b865-ae6385cba1ee,2022-04-18,2022-05-03
18b1fe04-dcee-451f-9990-e3611b1cb30f,2022-04-19,2022-04-30
85bb2f81-c47b-461c-a937-bf80d9174252,2022-04-19,2022-04-30
3824b071-be51-4c9f-8bde-a7781829e047,2022-04-19,2022-05-05
100c36f6-3566-4aa9-9980-d54ed5d22dd2,2022-04-19,2022-05-08
0f3979b7-6789-43a9-9d32-fc8a5bc315c4,2022-04-19,2022-06-05
ca666e13-31f7-4e6c-a973-f6d2a274c621,2022-04-19,2022-06-07
0ee82ec3-62f0-4888-b9e2-e1e6726ab822,2022-04-19,2022-06-16
1baf0d1a-0d98-4c44-b538-f0bee7a9141e,2022-04-19,2022-07-04
c0ac87f4-d3f9-48fd-b45e-1b64035e1f62,2022-04-20,2022-05-01
0b0f6425-6a4e-4328-9ac9-76dca0db154b,2022-04-20,2022-05-04
a87d2fb3-d7d1-4819-b7bf-0877f8f4631a,2022-04-20,2022-05-07
3285c91f-167b-47b1-afaa-db4105b9140f,2022-04-20,2022-05-11
1e56afce-2cad-4c0f-838a-75709f4b5755,2022-04-20,2022-05-27
2b7484b1-fff1-443f-ab95-783c59422cee,2022-04-21,2022-05-02
afb38fe4-c543-47bc-8390-7ebc698fbc7b,2022-04-21,2022-05-16
cb54cfd2-b1a7-4d5e-8104-8e22a2f88a45,2022-04-21,
cd524575-8044-4638-a646-1d0b33d5a1b9,2022-04-22,2022-04-27
cc55fb70-f374-4436-a4e0-40496a347d8d,2022-04-22,2022-05-06
b68349c9-3f8d-4cd6-ae08-e0a19ca2187f,2022-04-23,2022-05-09
0b15cc3e-f7ff-42a9-ad7e-967791556c09,2022-04-23,2022-05-11
b7960559-b123-4727-9532-5983528186f2,2022-04-23,2022-05-13
c60e8a33-d3aa-4169-8d25-d4913cf79a4c,2022-04-23,2022-05-27
f5006353-1f48-4937-ac79-c2a1a4a14fe1,2022-04-23,2022-06-22
3585db58-d9be-4e7a-929a-437bf9f683a9,2022-04-23,
2ad9fed4-bd92-4add-97a2-b241e451b3c5,2022-04-25,2022-05-01
5e523a72-bbab-454d-82f8-a490a8703673,2022-04-25,2022-05-01
d8237bdd-f0f7-4957-95c5-1a77ca9048e6,2022-04-25,2022-05-05
39ea9335-30e9-4b91-8883-c59ea168638c,2022-04-25,2022-05-07
45f85ce1-3aa8-42eb-be65-a793a6d0c666,2022-04-25,2022-05-08
285971b2-4d2c-4ddc-9481-a9c7792ae940,2022-04-25,2022-05-12
c1007ed9-01e7-4ba4-9aee-5414995fabb3,2022-04-25,2022-05-21
e5ba9cef-8b52-4eb4-a032-57c889c4c54b,2022-04-25,2022-05-26
c8ef983e-e04e-428e-b543-a043fa1d3418,2022-04-25,2022-05-29
498cbdb0-eccf-45f5-b367-e6e7586e6262,2022-04-26,2022-05-02
0bcededf-a284-41e6-bfa4-021ce3cdd919,2022-04-26,2022-05-04
b437bc34-242e-4398-ad73-d1fee5761351,2022-04-26,2022-05-05
f815da5f-b955-4113-af63-40f6bda5d096,2022-04-26,2022-05-11
40ec49b1-d923-476b-a97e-6af172607cd8,2022-04-26,2022-05-31
80747a94-f8d1-4f71-bfe2-a3adee16a413,2022-04-26,2022-06-15
df27f2c7-f00c-4506-8f60-a371837ac30e,2022-04-27,2022-05-02
8c742545-f530-4a52-856a-f9aa7f512f53,2022-04-27,2022-05-05
c2656968-06c9-4462-bc6d-bca5bdb98be4,2022-04-27,2022-05-12
c6a5a4dd-d6b0-45fb-8e87-f10ad86ec422,2022-04-27,2022-05-17
f9560da6-eec3-44de-a0e6-339a50e79845,2022-04-27,2022-05-19
1b67dd03-e0b0-46ba-8f7d-74e50d5a4702,2022-04-27,2022-05-20
76978aa3-06d5-4c92-956e-b8b5ad9bcb78,2022-04-27,2022-05-27
60348a92-67e3-47c1-9622-021e151fb906,2022-04-28,2022-04-29
4b1095a5-aa81-4a24-abe9-c4f530460364,2022-04-28,2022-05-07
2b8cbf3e-6fff-43f8-bad5-563947e346c1,2022-04-28,2022-05-08
64cd8acb-ab26-4c37-a5b2-c7d9d5091efd,2022-04-28,2022-05-11
799506ab-3f4f-45dd-ae31-db2cf31f59a3,2022-04-28,2022-05-12
d7db0d02-9acd-446d-be63-16630ee414f1,2022-04-29,2022-05-17
cc547dc3-ee78-4fe7-ad92-030580ecaec5,2022-04-29,2022-05-23
9df20238-c5c7-4b7b-a2e9-04893fe7f754,2022-04-29,2022-05-25
50fde7ad-7a51-4445-8504-7674ad27094c,2022-04-29,2022-05-26
84577514-baea-40e8-bb64-42f9e8edcbd6,2022-04-29,2022-06-05
2c283ffe-2473-4b58-88f7-7df9ec961904,2022-04-29,2022-06-08
4274c472-598a-4974-a81d-e18a83f097ff,2022-04-29,2022-06-21
092b6421-137f-4009-9efc-097b02024ecb,2022-04-29,2022-07-06
b321c0df-b9ef-4d3d-8b76-b0d8b41ae26c,2022-04-30,2022-05-15
d8b65c23-681e-44da-8626-9794f897785e,2022-04-30,2022-05-19
a7fad03c-99fc-459e-ba10-ed4edd306091,2022-04-30,2022-05-19
2e4c39d4-5bc1-4d82-b8cf-3b4adc4c19e2,2022-04-30,2022-05-22
d710ffc5-c19c-4133-8fdb-bb411d6cac69,2022-05-01,2022-05-05
27ebb36a-e28c-4082-a5c2-a4e0cb70e338,2022-05-02,2022-05-10
7f74b2b2-df90-48f0-b089-93abcbc5611b,2022-05-02,2022-05-12
67a455d3-986a-42e6-97f4-eb7c078f1f9b,2022-05-02,2022-05-14
cc558c31-be65-4ad2-ae29-a6f6a461d881,2022-05-02,2022-05-16
d3f063b6-723f-4a4a-a88e-7a12b3f9dc9e,2022-05-02,2022-05-17
3c3ff6a2-916b-42ad-89dc-e329607e0d8a,2022-05-02,2022-05-28
31bc5db3-078d-4fb7-81bf-99c53e0c7b1d,2022-05-02,2022-05-28
2132ebb1-1637-4c54-9800-ad74586e5c03,2022-05-03,2022-05-14
8476a85b-2900-426e-a28c-4045df25149a,2022-05-03,2022-05-27
ef187ab0-0a6f-450a-a19e-fd60d53c7214,2022-05-03,2022-05-27
a285a24f-4bb4-4067-bd3b-b250b76cf23b,2022-05-03,2022-05-29
3e226dc0-c942-4943-9245-3d10056545eb,2022-05-03,2022-06-04
17887194-a189-41f0-9c51-41b616f79d71,2022-05-03,2022-06-11
1922bf4b-9f6e-46fa-8b4d-aabc41a2047b,2022-05-03,2022-06-24
e46f3435-dbec-46fc-bab5-ed356d6e5203,2022-05-04,2022-05-14
f7b2d020-22b0-42bd-977a-8fbbc849d078,2022-05-04,2022-05-19
afbe6021-4858-4fd0-b4b9-615d503a92f0,2022-05-05,2022-05-13
115fa88c-8ab6-43b9-bc8b-489da351aed3,2022-05-05,2022-05-14
aff47f78-5f70-4d9b-a695-9ac6e79ad67b,2022-05-05,2022-05-22
9f68dbc1-fda3-4b9a-9ff4-58a8fade0d48,2022-05-05,2022-05-25
fd15b1ff-a884-427a-93f8-ffcb17720ca2,2022-05-05,2022-05-30
1bd4c12e-af02-4a15-948a-3c0ab1306127,2022-05-06,2022-05-19
347f7648-f911-4b3a-9c69-e9be37ac12ec,2022-05-06,2022-05-21
876631b1-44d8-49dc-9e83-c4189b8580eb,2022-05-07,2022-05-14
52680efc-4b1e-42e1-aaa3-d09c76ed1fd0,2022-05-07,2022-05-24
bf62143d-e827-472f-a8e5-02e5976980e0,2022-05-07,2022-05-31
e23e9c3f-bdda-43f6-964f-120cca9c9852,2022-05-08,2022-05-14
7ffbfb1c-57dd-4e06-877b-4392967649db,2022-05-08,2022-05-27
ca79b850-138d-4a18-9d33-a4c8bae4ad3b,2022-05-08,2022-05-29
adfdfe4e-86b0-4e23-9e09-36b65fd7ec0e,2022-05-09,2022-05-15
ed1fe519-72a6-4796-ace1-f752c0e900e2,2022-05-09,2022-05-22
a2b795ba-abc3-494a-a649-470027e33f4c,2022-05-09,2022-05-23
c396d5fe-ee23-49fc-9e83-bede7799a4e1,2022-05-09,2022-05-24
20a13a21-1019-46cc-b498-195c02fcb3f7,2022-05-09,2022-06-02
298282eb-948e-4a4b-ab39-25428f132389,2022-05-09,2022-06-04
c11cd793-42a4-4bf1-ad33-a61570bab3ed,2022-05-10,2022-05-19
d2df3b61-74aa-40a4-913a-3156d5661a65,2022-05-10,2022-06-01
c23bc5e0-b4b4-47ed-82c4-738c8be70227,2022-05-10,2022-06-02
879fada0-9762-4c20-b9d5-9e36737a3f78,2022-05-11,2022-05-14
91f801e1-cbde-4c02-b4b0-a1185b06305d,2022-05-11,2022-05-15
bf08c613-071a-42f8-969c-aec8b437ae0c,2022-05-11,2022-05-17
3f0acf5c-4bf8-44ee-9182-efa70dd03a9e,2022-05-11,2022-05-21
585ef028-9cc3-4e3c-9a4f-2a09335d6715,2022-05-11,2022-05-23
1c7a46ea-e21d-47e6-a984-d8069e9a595a,2022-05-11,2022-05-25
c9bc013a-79c5-40af-b15e-9b64d14ac9a8,2022-05-11,2022-05-27
700d2f68-26d0-4e9f-95bd-d767a3405acd,2022-05-11,2022-05-28
fa98fae4-a469-48b9-b452-438a660ff1e7,2022-05-11,2022-05-28
2ead97c6-8e45-4785-8883-502d7e6fa16b,2022-05-11,2022-05-31
3264e6f1-657d-43dc-aaae-f7772e10fddd,2022-05-11,2022-06-06
2d955150-6321-4f59-8bc9-9356f6adc84b,2022-05-11,2022-06-10
331a68f5-6056-4b30-af36-3be9bb965a8e,2022-05-11,
e251d7dc-cc49-4d9f-b52d-39810fe4f8f4,2022-05-12,2022-05-16
de396add-d6b6-493e-a4bf-a0f04beae6da,2022-05-12,2022-05-18
bc7372e8-a1ae-49f7-9755-df50f96d107e,2022-05-12,2022-05-20
0f47edc2-5c19-4e97-b73e-7fb48ad70997,2022-05-12,2022-05-21
a5edff2f-9647-4117-ba22-d1837eaeace8,2022-05-12,2022-05-29
53fe4fc8-4565-4759-a51e-77e63c793e6d,2022-05-12,2022-06-03
b740bb85-a6c2-4ddf-9bf1-6790d2298358,2022-05-12,2022-06-03
58479490-a2bb-4054-a8a0-023ad0ef64e5,2022-05-12,2022-06-05
480de4bb-f927-4618-8256-159b24f4efd2,2022-05-12,2022-06-07
bf5aa4f9-2432-4eb3-b781-1ea2da83d37f,2022-05-12,2022-06-07
9d3cd931-7a1f-4b70-889a-6f3c580eaa39,2022-05-12,2022-06-10
c8daed6d-53c3-435e-80cf-49cd896cd5be,2022-05-12,2022-06-13
0116e3c2-e76f-423a-8e6d-b2634c8ec7f1,2022-05-13,2022-05-17
46d4cb0c-0699-4cd4-b526-bec31eb3fa3e,2022-05-13,2022-05-19
3430986f-bb5b-46ac-a042-1892fb75b464,2022-05-13,2022-05-21
9b82e111-1e27-41d4-aac5-75047a083711,2022-05-13,2022-05-22
c244e8e9-9f3a-4058-96cd-044e1cf23643,2022-05-13,2022-05-22
d49e142b-3d22-4756-948f-ee66ec81c612,2022-05-13,2022-05-23
fafb32a9-6ce5-4c5a-9f15-aa9bd7afe19e,2022-05-13,2022-05-24
67f0c773-ecf3-4a82-ab37-bb60906831cb,2022-05-13,2022-05-26
28226a85-88eb-442a-b150-372e0cccde16,2022-05-13,2022-05-30
0e1c8b6c-f21b-4962-a0c9-d69466181d23,2022-05-13,2022-06-10
b8cb7337-5e7d-4792-908c-7e8799e7d5c1,2022-05-13,2022-06-13
879b58be-879f-4f76-bb81-eb8c4ca206ad,2022-05-13,2022-06-25
ed6934b0-a4bb-4aa3-8b18-9ee8842737d6,2022-05-13,2022-06-29
2583d699-73ed-4b60-bf79-4357d2e6deb4,2022-05-13,
047428ca-b6fa-4559-83a6-c5b2793a9fe8,2022-05-13,
d1c65aaf-b51e-41e7-b8ec-cc47369fea14,2022-05-14,2022-05-19
990049e8-8c25-40c5-8040-875444a79854,2022-05-14,2022-05-19
603f2023-8bfc-4b21-90b1-95ebe6169a33,2022-05-14,2022-05-23
320a66d4-3277-492b-9b52-69d2ee59dfd2,2022-05-14,2022-05-26
4ca91fb4-8ed7-49d6-ac2b-a8b6b997f21a,2022-05-14,2022-05-26
8007f906-a7da-4163-8a15-f93fb5c96641,2022-05-14,2022-05-31
9ccbaf6c-06d4-4ac3-98bd-67e3259da736,2022-05-14,2022-06-02
eb4e2060-b6a1-4fce-8ebc-877f78c649cd,2022-05-14,2022-06-04
a9535181-c996-465c-9978-0e4b0674e7f2,2022-05-14,2022-06-10
03610949-eb0a-45f9-afd6-182e00849175,2022-05-14,2022-06-13
138dbef9-57cc-43b2-b300-a32c3bf0c64b,2022-05-14,2022-06-18
30a2cc64-81a6-4332-be7f-92ef46013535,2022-05-14,2022-06-21
21d23231-8fb4-4161-bef1-fbad0973a196,2022-05-14,
060701de-dec7-472d-acfc-a4556a01a8d1,2022-05-15,2022-05-22
5dc71605-45af-47cd-b07f-77310c807dd0,2022-05-15,2022-05-23
9fd0f743-f678-4ef7-b9b4-d29c0c8e79b0,2022-05-15,2022-05-24
73d140be-c0b4-4ade-9ad0-d41f515394a2,2022-05-15,2022-05-25
7114cb59-220e-4ec0-bb08-762b0d606e00,2022-05-15,2022-05-30
5ef2f1a5-1239-4526-9698-8ed1974e1e96,2022-05-15,2022-05-31
6f248a9b-f0a4-4ad3-94c9-1ffa5b78447e,2022-05-15,2022-06-01
8d396c57-c8b5-4629-83df-70e455536b7e,2022-05-15,2022-06-03
cdf254e3-f023-482a-9aff-09525d111e66,2022-05-15,2022-06-10
6611f61e-a8b7-4a03-a97a-2a972ac937c3,2022-05-15,
c79a03f1-9460-4eff-b2ee-586eb93c39e2,2022-05-16,2022-05-22
93948a23-d6f0-4eac-9421-2ceb90d6d116,2022-05-16,2022-05-24
dea7d5bd-f1be-4bf0-a0ef-5b5586f521ed,2022-05-16,2022-05-28
9214a213-547c-481c-837d-ffa0b201781e,2022-05-16,2022-06-03
e6900ede-b45d-499f-93a0-dc2501c2551b,2022-05-16,2022-06-15
3cf9d6f0-676a-432f-bf2d-eff36c6797e4,2022-05-17,2022-05-18
0b4ed8c1-d6f7-4d58-86d3-37d3e2039840,2022-05-17,2022-05-19
598967a5-5d2e-4098-a6e3-ffc06ce18cfb,2022-05-17,2022-05-27
b25f37da-2b9f-4438-8c05-958f4c8acc11,2022-05-17,2022-05-27
4a9809ef-8346-4dc9-bc6f-90677ecfd8d6,2022-05-17,2022-05-27
5a0dec08-d8bb-4c4c-be04-c67ca15a47d4,2022-05-17,2022-05-27
395b036e-cd24-4310-959f-49180a0708f8,2022-05-17,2022-05-28
33d11b50-f08c-4468-a071-0563f600fdb3,2022-05-17,2022-05-29
d1e6e421-f672-40d7-9e97-7055e20ff3c7,2022-05-17,2022-05-31
2891a5ea-bda4-4f2d-822f-b5cc0bc17263,2022-05-17,2022-06-01
8dcbc91d-8643-4967-b41e-15da8985888d,2022-05-17,2022-06-02
5f9b2d9b-ecb4-4e10-8f7e-b5ccec42e763,2022-05-17,2022-06-05
df0318fe-a407-4046-a07b-2f4b800cd4ee,2022-05-17,2022-06-12
5cc3686c-7773-47bf-a9b4-eebc6cda4a2b,2022-05-17,2022-06-19
85b49aae-e767-4147-9fb1-3f20c175b8c5,2022-05-17,2022-06-24
ce36b6bc-ccc0-4e22-9dce-97492926ba3c,2022-05-17,2022-06-27
99a577a1-f3ee-4be0-8dc6-07d7eb65093d,2022-05-17,
6b6dfdfe-9108-4980-bc03-d930e1be9257,2022-05-18,2022-05-31
799df5ff-27dc-41a1-a6d5-53e712077c86,2022-05-18,2022-05-31
fd88b2fa-1fa6-4808-83b7-909fad10e03c,2022-05-18,2022-06-13
4335e9aa-f3e7-49a2-a136-e8aecc83ab0d,2022-05-19,2022-05-28
3bb5c7ed-ada2-42f6-83ba-a45cd0250f18,2022-05-19,2022-05-29
f45d0542-bb0a-4e1e-992e-5010e0e4f7ff,2022-05-19,2022-06-01
f6ea3f03-cec3-4904-9967-b55d4f038a9a,2022-05-19,2022-06-13
3f22c6a3-2e3d-41cf-8411-61eed2075b06,2022-05-19,2022-06-13
7629e2ec-5264-472c-83d0-5b44de7000be,2022-05-19,2022-06-15
3142c13c-96fc-4c2a-bea2-d9ebdeb241b0,2022-05-19,2022-06-19
123a977d-163e-4b63-9b37-1be1b06c6990,2022-05-19,2022-06-28
b977f16e-4a29-42c2-ab82-0dd60b5b3538,2022-05-20,2022-06-12
2412e650-fba2-4b5c-a867-f60595760d43,2022-05-20,2022-06-15
710af7ea-efa7-459d-a24d-d52321eb9ee7,2022-05-20,2022-06-15
3601c02d-6d6b-4cbf-91a1-9f1280a1d6f4,2022-05-20,2022-06-24
f5fc8284-142f-493d-a9a6-fa683ae05447,2022-05-20,2022-07-03
bc5898c8-ba8a-414e-a524-66daaf57c59a,2022-05-20,2022-07-05
c848a171-1e69-4c9f-8bdc-e94597ddd026,2022-05-21,2022-06-09
e05f83a2-2f62-4107-b7c9-8d41c77bf16f,2022-05-21,2022-06-10
4fb4ed60-b153-4b0c-81bb-d2451a5bf29b,2022-05-21,2022-06-12
20cf030d-928c-4d57-97ae-041c1d793503,2022-05-21,2022-06-22
1d15b3eb-9574-45cc-a6c7-22ab3fcd363f,2022-05-21,2022-06-25
9a98597a-3dc5-45ae-8e18-34002505c971,2022-05-21,
5f249c2b-1346-4e81-a93a-af9520c2e6f1,2022-05-22,2022-05-25
4148ea63-b531-4f5e-9e07-88892a32c507,2022-05-22,2022-05-29
96341f82-e660-4ee7-a1a3-b4bca9f6a3e3,2022-05-22,2022-05-30
9e1a8409-3a4b-43f7-a24f-bb7a3a208699,2022-05-22,2022-06-02
6badbc97-4da3-41de-a304-6ffc520069d5,2022-05-22,2022-06-08
e57bc821-9fd6-42d3-8530-560762f97197,2022-05-22,2022-06-10
ae41c0ad-f884-4850-ad6b-a83b839c675c,2022-05-22,2022-06-15
d57b84c1-64a3-4c11-9564-f83e6ef250c4,2022-05-22,2022-07-08
1e50c15a-aba8-4842-8894-31c3f65f690f,2022-05-23,2022-05-30
77171e21-9d0f-4ae8-8509-32192e503eb4,2022-05-23,2022-06-02
d68b09f1-b7cb-41ee-978d-ecd1d26bf272,2022-05-23,2022-06-04
f9fa9d82-317d-4096-ba7b-fe7b6428f95f,2022-05-23,2022-06-07
81cb2101-8e71-46f7-a9e6-aff52da11d70,2022-05-23,2022-06-13
3568038c-62dc-446a-a583-ad8bf1eccf90,2022-05-23,2022-07-04
704d7cbe-e5b9-449e-9712-aa6a480d2924,2022-05-24,2022-05-31
9f83084a-2be2-49c8-9c76-e40cdd0ed593,2022-05-24,2022-06-12
f9a1904f-3cdf-481c-8e66-c62c11e23769,2022-05-24,2022-06-13
17b7dfb9-37db-4592-8a37-5e6f0a5128ca,2022-05-24,2022-06-14
0813f326-5141-4177-97a3-f8f51f016777,2022-05-24,
b26d3cd0-4fb9-4437-ac50-5c5e10e8da8e,2022-05-25,2022-06-02
b58f3b06-a4ec-4bbd-bc68-d13fa748f0ae,2022-05-25,2022-06-04
60667818-c767-42b1-ac43-e3ae6745d6c1,2022-05-25,2022-06-07
5401984d-d343-4c72-bdc5-1c15534ddd3a,2022-05-25,2022-06-17
f56b74f9-f21f-4c0d-ad4f-bfbf46909b7c,2022-05-25,2022-06-19
665baf47-76d0-403c-b5a0-430422458669,2022-05-26,2022-06-06
087a322d-e9d6-43d3-b7f8-90bc14aebecd,2022-05-26,2022-06-07
5cc69d1b-9ed6-4e53-9da9-5e943f2b4036,2022-05-26,2022-06-17
992c2010-116f-407e-a01f-1a2824dc81c4,2022-05-26,2022-06-22
74b83f11-d13f-45bc-b681-20d10f565fde,2022-05-26,2022-06-25
7d4b35e5-522e-4c73-b14c-62c3bef7a41a,2022-05-27,2022-06-03
92c96391-c073-4d29-9375-824d4cd5c671,2022-05-27,2022-06-07
bb4b5006-ee9e-4377-8293-e4e830537ec3,2022-05-27,2022-06-08
933b7c6f-06ce-44bf-bb47-d36fe59c5b44,2022-05-27,2022-06-09
56168507-5c42-482e-9994-1d506f0e3c51,2022-05-27,2022-06-09
5b07bb7e-9229-4f13-853e-2d5bc1716e5e,2022-05-27,2022-06-10
002b2222-0a3d-4ea4-9fd4-47a51f8f2696,2022-05-27,2022-06-15
d1e4a210-0449-4d67-b2d0-acf7b2963d58,2022-05-27,2022-06-15
45e6747b-8ed4-4476-9635-1f695ace8a3e,2022-05-27,2022-06-16
13e36fe2-dcd9-4dac-9643-8fc9b57ee8f3,2022-05-27,2022-06-27
644ee0f0-f5fc-43c7-a8ac-6c86cf6a0825,2022-05-27,2022-07-04
5070433e-5868-42f2-bd9c-9456b7bc8c1a,2022-05-27,
56a3b396-ceeb-429b-a199-80f3bb37758b,2022-05-28,2022-06-06
03fba220-3cb5-40e7-a412-c51c8eedc8ab,2022-05-28,2022-06-07
1a086042-b0ef-489e-a5bd-b2f7f1c36db6,2022-05-28,2022-06-08
cb98fb3b-ae89-4a1b-bbe5-abb3c1e350ac,2022-05-28,2022-06-24
3048ab9c-c331-4181-a954-b3843814e102,2022-05-28,2022-06-28
1f821ba9-6fd4-4aa2-aa0b-41238f3f7c6d,2022-05-28,2022-07-09
6c8feff5-388e-4021-8086-2b53c1fb9720,2022-05-28,
2b0b0720-0fd7-4465-b0fe-97166878fd21,2022-05-29,2022-06-06
9454618e-c62e-4fa5-b804-52229451aa42,2022-05-29,2022-06-06
9884efdc-6d9b-4328-8289-dd495b0d422b,2022-05-29,2022-06-07
20fb0470-94f0-4204-b31f-7c5877b2dee3,2022-05-29,2022-06-08
c43ef880-f7d6-46f2-9f65-dd7444e866e0,2022-05-29,2022-06-17
22a871c2-bb84-4b9b-ab71-f94b8319ea91,2022-05-29,2022-06-18
ae8e1167-b2c1-496d-8cc0-bb0748f3ad8d,2022-05-29,2022-06-22
bba4a678-ae00-4451-bcfb-ed58fe4c9bd5,2022-05-29,2022-06-23
6f397ef0-1b08-48b7-9f10-af4651c7840c,2022-05-29,2022-06-30
0ceefa91-97cc-43f3-a12d-bf1d15c8d5a0,2022-05-30,2022-06-09
78e081ee-194a-43b1-adac-6f51c879578d,2022-05-30,2022-06-11
dbe7e1aa-6210-4fdd-8665-e0555a20562e,2022-05-30,2022-06-12
ccd033c2-773b-4f3a-9f5e-56ebef4b9b84,2022-05-30,2022-06-14
7f7b72fa-21b8-4259-a9a7-5acde72927ff,2022-05-30,2022-06-16
f4f700d6-cd4b-4804-8192-c124d5487a5b,2022-05-31,2022-06-03
e754f26d-c02e-49e5-9023-a485977b6f4a,2022-05-31,2022-06-10
5d6842e0-aaa6-4ceb-bea0-92c48044beed,2022-05-31,2022-06-15
999c6624-3428-44d6-ab31-eb7b715e6b57,2022-05-31,2022-06-17
ec429273-0531-4066-ab7c-c8c38d3fab67,2022-05-31,2022-06-18
2684799c-0989-4d1b-b4b0-fe19ef5b6d55,2022-05-31,2022-06-20
06ff59da-593c-455e-a7ec-5faff1f53df1,2022-05-31,2022-06-21
80304339-ec3b-41d5-983f-76e140bf19ee,2022-05-31,2022-06-22
3f3a34cf-b06b-43ff-8070-bd94b23b7407,2022-05-31,2022-07-08
98d2b73c-ae5c-42b2-94d1-2ebd65de16cb,2022-05-31,
42aa6b00-e120-479e-bf12-4a1b690791d3,2022-05-31,
16d27aab-1551-4181-9543-2d735f1195f5,2022-06-01,2022-06-06
dc985626-359c-40f2-aa78-88763b2bc3ac,2022-06-01,2022-06-23
f4a26076-e9ca-49fe-aa30-97a652458fbe,2022-06-01,2022-07-02
3c7e796c-f1d1-4368-a435-86305c8423c6,2022-06-01,2022-07-07
09f98447-8868-4da5-9966-61da3eef933f,2022-06-01,
609b5369-d865-4a64-ac94-67ac200812c2,2022-06-02,2022-06-07
d99aadfc-6876-4370-be0d-beef9cebb705,2022-06-02,2022-06-08
47cca42d-4aeb-462a-ae84-afdebec35144,2022-06-02,2022-06-15
1b2bd3b1-6741-41aa-8bb8-d02dcad4c611,2022-06-02,2022-06-17
f64248ee-021f-4fb7-8de7-1321e7ed72df,2022-06-02,2022-06-20
69a9459b-c409-4e60-98e0-0e5b0795dabd,2022-06-02,2022-06-24
f2f1c726-7a40-41da-9f17-dab087446c5e,2022-06-03,2022-06-11
3a9bcbaa-e985-46c3-8a7e-18b05721a0c7,2022-06-03,2022-06-11
34630b9d-4aad-4374-9313-fdf75cf04ed7,2022-06-03,2022-06-16
9d8aec40-0a8c-4623-b6b0-34bc49262f97,2022-06-03,2022-06-23
66435c89-7823-4d0a-87f2-f6bb7c83bdf2,2022-06-03,2022-06-27
0fd06a6d-6fcf-48be-9e92-230011280b3b,2022-06-03,2022-06-30
e2ff874b-e809-4806-a1e6-668ef0816fc4,2022-06-03,2022-07-01
6f870f74-461b-41a1-9249-50a41b909b70,2022-06-03,2022-07-05
41890390-e634-4f3e-a2b1-ac841cb7d43f,2022-06-04,2022-06-09
dcbcc554-f9e2-4c06-a085-7973b15b54b1,2022-06-04,2022-06-10
afe20b99-1116-4c35-ac48-209b91889496,2022-06-04,2022-07-02
20b8e47d-cc7f-43d0-bbf4-52b9dc2d043c,2022-06-04,2022-07-05
adba0987-6624-41b4-8620-9dfb35ad90a5,2022-06-04,
9e16a02b-ea98-48ef-834b-8fc53e1ab9f7,2022-06-05,2022-06-10
1dff673a-e63a-4f96-92fc-f26881b7369f,2022-06-05,2022-06-15
4a8f5dba-4c05-4e81-b073-ebca1101d4df,2022-06-05,2022-06-22
53f34b5d-0d48-48e1-8ddf-45ebf67b4e6c,2022-06-05,2022-07-08
b0ce7bed-a7c8-4cde-a18b-9eb19ac282de,2022-06-06,2022-06-13
c646fd6b-3bc7-4e65-a802-f5afeb66d8a3,2022-06-06,2022-06-22
6a9530f3-6a41-4141-aa1b-efa30eca1aaa,2022-06-06,2022-06-24
87a06629-06a2-4d69-b4cf-1305f89b8bb9,2022-06-06,2022-06-29
7526a470-fa93-44d1-9c86-81806ad8af8c,2022-06-06,2022-07-01
6ce11bf7-2024-4039-9df7-ad3323111a02,2022-06-06,
ed00a8fc-10ca-4de6-83f1-3730a0bad7ac,2022-06-07,2022-06-12
49725735-3e23-48af-ba8b-0e4a2c7017ea,2022-06-07,2022-06-13
0b007371-d26b-498a-a49f-1382d3377c91,2022-06-07,2022-06-14
66aeddd7-b929-45fa-a14b-9177bba459f8,2022-06-07,2022-06-16
e2183ac5-4e47-4762-a9f6-8b9fdb2a3825,2022-06-07,2022-06-16
47ccccbe-144a-4e13-849f-da614cf10095,2022-06-07,2022-06-29
22a1506a-54d1-408b-98a1-5eea80b4d7a4,2022-06-07,2022-07-05
a98cf6b5-9dee-42c2-b581-16943170f66d,2022-06-07,
4fd9dc82-4ad9-4dd6-adc5-43a63d6bfd1e,2022-06-08,2022-06-21
d4ef0acd-2344-4eb2-bfd1-50c6581c41c3,2022-06-08,2022-06-22
b72a6b2b-002c-4cbe-99ac-ecff8087991b,2022-06-08,2022-06-24
0e53e525-cffb-4ecc-9b68-f8783db740e9,2022-06-08,2022-06-27
10680cbe-902f-4d8d-9e46-49a35a8ff285,2022-06-08,2022-06-28
ab3870d3-87dc-49f0-ac38-151816a481d7,2022-06-08,2022-06-30
4249ea82-c8e9-4c90-a7e0-0db167fdecac,2022-06-08,2022-07-04
46a401aa-93f6-4f22-8186-820f45d2a543,2022-06-08,
c751b26d-6e83-4f7f-85ff-e8226edd0e50,2022-06-09,2022-06-18
51346e8b-2428-4744-a444-18d3dd554714,2022-06-09,2022-06-23
07c780d1-2bbe-4141-b55a-a2ef06b37f46,2022-06-09,2022-07-03
3c098a59-558c-496c-9d1a-bad753dd1fd3,2022-06-09,
7b412f23-6535-4c67-acfd-811ae57a6106,2022-06-09,
3805fc80-330a-4baa-9f2a-0e5c64d1cd20,2022-06-10,2022-06-17
d68b769c-0262-464e-aa4b-94308d5d2989,2022-06-10,2022-06-21
448c389d-0180-4db5-99c9-e54b600e55ef,2022-06-10,2022-06-22
1fd05138-08db-4791-b902-5a46a3b99335,2022-06-10,2022-06-27
1f2cedbe-09e6-4c3b-bb17-35d024baa701,2022-06-10,2022-06-29
88b7da68-2b14-48b5-a069-ec0040f79cd3,2022-06-10,2022-07-01
daa8191b-192e-4b32-b97a-163fd294dd4f,2022-06-10,2022-07-06
0e6c7e21-7b5e-4b19-9aea-8d119a287d10,2022-06-10,2022-07-07
faa19abd-4f19-4511-ab86-cd5bbf7c380d,2022-06-11,2022-06-14
e56206c6-6b77-421e-bd06-0bd687085174,2022-06-11,2022-06-18
c603d7aa-4cf0-4c8a-aa93-9a626a2e26a4,2022-06-11,2022-06-27
728a88df-5013-4bc4-a5b3-9d144a7c93cc,2022-06-11,
479e1f8d-68f1-4af2-8cb1-df98478f55c4,2022-06-11,
cbf04870-157b-448e-8471-64139a639f4e,2022-06-11,
9661264f-8a70-44f7-95cd-e0933511cdf6,2022-06-11,
a04453f3-cda9-4ae1-a206-ae25a304a4eb,2022-06-12,2022-06-16
81d46f84-9dbd-4e57-a21f-c551b85c7174,2022-06-12,2022-06-22
ad176781-1dd3-4214-8e80-6f43fc780fab,2022-06-12,2022-06-24
292b1b8b-7dfc-4c49-93d7-4081dee15f41,2022-06-12,2022-06-26
f99d7f51-1cfb-45a3-afb5-6abd598208e6,2022-06-12,2022-07-06
2362fcc4-6ce1-4074-bae7-28a3dc405846,2022-06-12,
2980599f-f752-4139-89db-c289c97d37eb,2022-06-13,2022-06-19
02fad9c6-775e-491a-be88-2f8dcbccccdf,2022-06-13,2022-06-20
900c3f1d-a3a5-4db1-82c1-5a145dc6ce59,2022-06-13,2022-06-22
edf26367-30f7-4b37-bbb1-73cb53269172,2022-06-13,2022-06-24
9c805e25-f321-4449-9be7-e82367aaa832,2022-06-13,2022-06-25
ab8f516c-6eb2-4565-8d84-0e27086ecd57,2022-06-13,2022-06-27
b9c2925f-ea0d-4a3c-9765-0b50673d20c7,2022-06-13,2022-07-02
115cfc99-b9f2-4df8-baec-06d99ade0b76,2022-06-13,2022-07-02
7650a749-1f5f-4f8d-96af-086d8e77cc77,2022-06-13,2022-07-03
06ddff35-3a56-4e93-8dfd-743a38281dd1,2022-06-13,
d717e394-9ac9-460d-83f5-8cc15e9bb2f3,2022-06-13,
e9b58f7b-5112-4ee9-951f-8a5d3694fd80,2022-06-13,
2b5439c6-4080-4039-9770-cd9ac934a21f,2022-06-14,2022-06-26
587da564-7e24-462c-a12f-90f9b6a4f46a,2022-06-14,2022-06-28
df06c41b-b4f2-4a05-a7c3-90b08e45abf4,2022-06-14,
c97cec62-38c7-4faa-8da4-5aeb9f5a4ba2,2022-06-14,
d4ce933c-f227-4e44-a0ad-3402f2d293ed,2022-06-15,2022-06-21
81054f9f-5a96-4150-be4c-f2ee12fe4dc5,2022-06-15,2022-06-24
4353e5c8-0b7b-47d8-94ba-c0efec9764f7,2022-06-15,2022-06-29
df9d97e0-d9bf-42f0-a442-a00926fe7316,2022-06-15,2022-07-04
7f20cf0d-d16a-4fb1-984b-47d1ed75d370,2022-06-15,
0926971b-ea94-496f-8ca3-37ce7fbc9e20,2022-06-15,
27b862e0-ea7e-4ec8-9f11-38a42b5c062f,2022-06-15,
f2c2c10d-d0d4-4a51-836e-23c119ed4d21,2022-06-16,2022-06-22
fffbf66e-68c7-4303-8769-3858ef5fe730,2022-06-16,2022-06-23
827ecfef-8cf9-444e-bb0f-a064c793ff0d,2022-06-16,2022-06-30
cf9b61cb-84d9-4d5d-bc2b-9d0c421d4b3b,2022-06-16,2022-06-30
72a14e52-a723-4756-b27d-9128b87219cf,2022-06-16,2022-07-01
2920af46-9047-49ef-99f3-7171f4d8152f,2022-06-16,2022-07-08
14b918d4-f335-48f5-b37c-d4fd0e8c4b90,2022-06-16,
e326004e-ab89-412a-960d-c2d8abaa4282,2022-06-16,
fc8d3c12-fc49-4b6a-a126-797de19b095f,2022-06-16,
32baf934-55be-417c-bd79-c9506634ad68,2022-06-16,
18640813-ac08-4dfb-878f-de040e11ec5c,2022-06-16,
5faac0ed-d8f8-4120-8373-aeff89456847,2022-06-17,2022-06-23
a1d93dcf-625b-4e99-af31-09add9eb25ea,2022-06-17,2022-06-29
1e64ee05-f5e1-437b-8630-58d97322150b,2022-06-17,
dc77b04c-8fdf-4ba1-829e-8f64be48ea07,2022-06-17,
5fba19f9-5e33-4bdc-aba6-aadaff44a619,2022-06-17,
5a7f7ddc-6d10-4e85-9529-c7c7bdf06edc,2022-06-17,
fef0f36d-1e7d-4120-8663-987e038e09e9,2022-06-17,
b7f78d8c-2bc6-4fa3-9186-79d7a25443ab,2022-06-18,2022-06-29
fb5d0a3f-f02e-426f-bb54-e70b4cfa912c,2022-06-18,2022-07-09
bae4ca80-e7dc-4bc8-b794-081e6bb82e89,2022-06-18,
6ccd78a9-6deb-4daa-9bae-a7cec7c796da,2022-06-18,
14c09def-9c70-4632-ad63-7a801b3bd54a,2022-06-18,
de32efb6-bb43-4620-b521-383ffb9160c3,2022-06-19,2022-06-30
375b3a4a-64ca-47c0-b8ec-f9269fbdb73b,2022-06-19,
1b1b6df9-c978-4ac9-9fb6-68a208fdae44,2022-06-19,
313f4629-da67-48f4-9117-6ccb9c10c865,2022-06-19,
dc0422bc-0fe2-46dd-960f-038f71e53a3e,2022-06-19,
9535c21c-5f95-47e5-9e05-f203fca1acb2,2022-06-20,
32f8c3d3-501f-4e2f-a338-810042135183,2022-06-20,
468377bf-88d0-44dd-8980-88c33e2f0906,2022-06-20,
3ebc0979-983a-4d16-b062-c36ad7c42ed1,2022-06-21,2022-06-27
76383a02-11c5-4fdd-af09-33b0a2ce1f58,2022-06-21,2022-06-29
919cd364-bebb-4622-810e-0c44e7e857a8,2022-06-21,2022-07-06
75203203-ad79-4014-82a4-23e4a6b168e8,2022-06-21,
34ceb054-65dd-47cc-bd81-c552efe7e365,2022-06-21,
612e257d-17e3-47e4-9c48-d2993dd23998,2022-06-21,
6080e8ab-8664-4f02-a98f-acf730a9b389,2022-06-22,2022-07-02
9fe924f9-93a8-4c8a-89a7-9af28b18b0fb,2022-06-22,2022-07-02
3d2ccc65-3421-494c-82ae-9323bab72b2b,2022-06-22,2022-07-03
e9813266-b918-4153-8e52-2b0662797e63,2022-06-22,2022-07-03
982b7739-6cf6-4c8e-855f-00a09a47007f,2022-06-22,2022-07-05
9fa66905-f5ee-4b11-a4ec-1e1ca501666b,2022-06-22,2022-07-07
4eba9d65-95b7-4fa5-96c1-9058ee073e1b,2022-06-22,
12cbf8c0-1f77-42f9-8c92-5cfa217c980f,2022-06-22,
7af2d880-ad62-4d6c-8127-dd8de5a77415,2022-06-22,
d8400265-d31e-45ee-bf73-06ede96b1388,2022-06-22,
ae9d0e26-0b96-44d4-8b6f-8b68c53140fb,2022-06-22,
9b8b0b76-9459-4982-8188-febcfbade906,2022-06-22,
89d1d735-dbf1-429c-9417-41a97a4ad478,2022-06-23,
3ecba83f-91d3-41a6-86a9-36766d6c1238,2022-06-23,
de6b85e0-d8f6-4f15-a950-d6662ba26e92,2022-06-23,
a041a5d7-f4e6-4fd7-8076-65c0d76ddec8,2022-06-23,
c3303bd8-843d-46cd-bde3-59e04713465f,2022-06-23,
10ef3031-1989-416f-a92b-05bb1a1077a7,2022-06-23,
09541299-62fb-4e26-94e9-13fa59a93d40,2022-06-24,2022-06-27
558104a4-0c37-4c12-af9a-7f0f4d6c5d58,2022-06-24,2022-07-01
db990315-3557-40bc-81a3-8e88b83e2cee,2022-06-24,2022-07-01
50663a17-9e5e-481d-a2fc-979ed5fcf491,2022-06-24,2022-07-03
a697d59a-0813-40cd-a695-08222956b2ff,2022-06-24,2022-07-04
2d3f8ae9-5d94-4a9a-b25b-8e15c4e7b8aa,2022-06-24,2022-07-07
9a096006-3d14-4a14-8442-86963db0e45a,2022-06-24,2022-07-08
814d8422-e952-41e8-89e4-ab98d1198f68,2022-06-24,
9adea023-eb59-4745-984e-49dd3115cb2c,2022-06-24,
0aef9462-f236-47de-8c78-e50962e4c879,2022-06-24,
96a77ce4-2c23-4cc4-9222-995c6f4db5f1,2022-06-25,2022-07-06
0fdf9cc0-3a1e-4fb5-97ab-5e805dc07181,2022-06-25,2022-07-07
ad859d7b-541b-4192-9857-08b5b18402bb,2022-06-25,
9f0ea325-cba6-4f6b-b658-9e7f282c52bb,2022-06-25,
af0bb04f-5772-4d90-91df-e7f3a20ae6bf,2022-06-26,
86a35ef1-ddbb-4663-b4c3-56e5511f4358,2022-06-26,
53d5321a-6c30-4797-9aca-039176ef1d6f,2022-06-27,2022-06-29
e02fb753-e841-4376-91ad-8ffe338a72ea,2022-06-27,2022-07-03
2c84ef13-0b00-499a-afd2-613ab1600350,2022-06-27,
9f7a14d6-ad22-40ee-850e-8ce7da232b8f,2022-06-27,
da87126c-af51-4b2a-b574-5b91c19b8ccf,2022-06-27,
8ad4df25-d321-4551-b0ad-1a410d44db25,2022-06-27,
b90cde59-9325-4ac2-8eed-c8a6063fb2b8,2022-06-27,
bceafe5e-c922-40d9-bfd8-504d04a8c96c,2022-06-27,
f2e794fe-7932-44e1-b0ff-86b74107cc64,2022-06-27,
9269861f-bd68-4090-8248-408228b0e9ce,2022-06-28,2022-07-03
39396392-8c3e-415b-8060-2232e0f4a40f,2022-06-28,2022-07-04
1e9f983c-0246-41bc-a1d6-3fd4cb74d5f5,2022-06-28,
7c09bdff-7721-4c44-9780-1640c38faf62,2022-06-28,
2325c3de-8810-4b7f-ac6b-0839f03a1666,2022-06-29,2022-07-01
6a646fc3-3a67-42e7-95bf-fb19696012d1,2022-06-29,
a958af9e-3a6f-4cf6-a5de-c73077149e9b,2022-06-29,
ef742074-7682-4ba0-be17-f279e3fc5457,2022-06-29,
739362ec-6ae8-4e8d-8f52-0541710bc1b1,2022-06-29,
51b7751f-8aaf-4964-9120-cc12e92381ea,2022-06-29,
cfe1c558-fd8b-46d3-afca-8fb80f8d5eb5,2022-06-29,
091b5e22-7a13-4e02-bbbf-8ca590729907,2022-06-29,
0604bddb-627a-4d5e-935f-6f53590fbd65,2022-06-29,
83e5441d-c2df-4635-b084-331b8f2f6bb0,2022-06-30,2022-07-03
8bff5393-dc74-411a-92da-fb8413380038,2022-06-30,
5d673686-dad5-4925-8655-47bc23e3234f,2022-06-30,
ad4528c9-1ae4-4dc4-893a-17fca3714ccb,2022-06-30,
f35fd1a6-44ff-43d6-bfd6-020baf519965,2022-06-30,
f031660a-f07a-4258-b268-1d93086fa32a,2022-06-30,
ce587c3d-cebd-428b-a603-952ea54e6c37,2022-07-01,2022-07-08
861f5c3f-844e-42a7-8d19-4a2f4280ae21,2022-07-01,
70ecba6f-ea58-43fc-9010-89cecff85ec5,2022-07-01,
cfee5634-2ad0-4a76-a5d1-f2990a0e9f75,2022-07-01,
a1113932-c1df-42a5-904f-f0189ff2568e,2022-07-01,
f52b5eae-1660-4994-863e-4bc6af3acc6f,2022-07-01,
44c1003e-22f7-4cb9-812c-bc49afba3d07,2022-07-01,
2515bc17-4a49-43bd-9daa-9aaa30df8795,2022-07-02,2022-07-08
d471fb5d-36fe-4706-8f27-e19357da82ec,2022-07-02,
de3014bf-2ddf-49f5-a4d5-9f199f6e60a9,2022-07-02,
ca4b1490-bd79-4793-b1ff-2c02812aa735,2022-07-02,
5a425b92-cd10-4f35-afe6-9345af20cbcd,2022-07-02,
335eacf3-101a-452e-b80d-2cf0386eb5ae,2022-07-02,
510fa647-b4a5-4b41-bf6b-cffb0bb4e7c6,2022-07-03,2022-07-07
4d272183-4aef-4455-8831-050bc7ff3de7,2022-07-03,
d21b7f30-b4b2-41c8-a712-3051d77d1453,2022-07-03,
7cb5eca7-deea-4235-be30-2a9afb380690,2022-07-03,
6d2ef313-6a8e-4984-8aa0-1f092893c39f,2022-07-03,
00a8b5b5-5e9a-4e73-a572-3fe56827910f,2022-07-03,
1545cec7-f0e1-4cac-baee-2f98c4346083,2022-07-03,
0f45034c-b6d2-4104-8cc2-1f8c1ad9f939,2022-07-04,
9d132bab-cb7f-4998-bc87-5da8b9012986,2022-07-04,
0890b3b7-bff2-4d5c-ae80-7ab28ea2fe41,2022-07-04,
ba72ce51-56c0-4852-9a61-fec5f63caf2d,2022-07-04,
859d1581-f208-49fb-8b2a-2e3c23137b4d,2022-07-04,
eba86254-0c0e-496d-bd08-fc9843116569,2022-07-04,
2e155224-e1a1-4034-be8e-6d22988b5e85,2022-07-04,
d1f160da-9436-4c8c-8fb4-008583dee365,2022-07-04,
0d938534-ad32-4500-a516-aae702fc9ca6,2022-07-04,
fc1e7aaa-ea20-448a-962f-722f2554f63e,2022-07-05,2022-07-09
0cc49843-feea-4c34-acc1-6aaf90d466de,2022-07-05,
c32abcf8-fcba-46a5-a162-e392ebed4ac1,2022-07-05,
118feefc-1593-44a4-acfc-9e07e60aaa78,2022-07-05,
ad69dbc9-aaa1-414b-90c6-c979120a567b,2022-07-05,
4d9d3540-2d12-4ef3-b6ef-779b2e825308,2022-07-06,2022-07-09
f67baeb3-6e20-4bd8-947e-f2c5c39440ad,2022-07-06,
393eb8a2-3a18-4c39-a505-a85c700fb52d,2022-07-06,
415bd8ab-c383-4ed6-aad5-1608ba31d705,2022-07-06,
49ac4de6-3ece-4279-a44d-37299c14a4ac,2022-07-06,
ed38c00c-14ab-48bd-bef4-048b7e41b3d8,2022-07-06,
7f57f4fd-1ba7-449e-b186-254df5fff7ed,2022-07-07,
1d3f3f2d-088c-4e8c-8d96-7c972978e082,2022-07-07,
2f25fc50-1330-4417-adae-9d285e093e1b,2022-07-07,
30b81015-6dab-4393-b0d4-12dd439d55aa,2022-07-07,
d7f0656f-d3a2-4cd5-8396-e78f3c564bc6,2022-07-07,
68d1dfce-bc5c-400f-bd43-6e6ac2ebe638,2022-07-07,
2829d5cd-2569-4192-9c9c-9dc7ea001c61,2022-07-08,
3138cb26-d14e-4b30-a7dd-fccae708d4e1,2022-07-08,
f6a99c15-64ef-4a43-af6a-d070d8fc2f3e,2022-07-08,
2e869d04-2ffd-43d4-a641-021e89a0401c,2022-07-08,
b5cba34f-3a05-4c3f-b7c0-dfa130b43a10,2022-07-08,
299a9b1b-96e8-4f71-86d6-71e29bc1dc9e,2022-07-08,
65e342c3-33b7-4b58-b769-581c7ddefbdc,2022-07-08,
8250947e-9b57-4c9b-b8e6-f1036eac3063,2022-07-09,
f2e7f974-4e27-4d3f-ae8c-490c64a9db38,2022-07-09,
17826c61-b718-445b-b6e1-89cb0a2432e4,2022-07-09,
c040e4e0-86d3-4b50-b877-73637cb91a1f,2022-07-09,
